Põltsamaal juhtunud raskes liiklusõnnetuses hukkus üks inimene;1;08/08/2015;20:13:04;
Edward Lucase kolumn:«Siis saame me kolmanda maailmasõja»54;2;08/08/2015;20:13:04;
Ohtlik haigus on Eestis jälle tagasi:kolm inimest haigestus leetritesse55;3;08/08/2015;20:13:04;
Riik rajabüürimajade pilootprojektis 10 miljoniga 200 korterit82;4;08/08/2015;20:13:04;
Alkoholijoobe tunnustega mees põhjustas Tartus liiklusõnnetuse9;5;08/08/2015;20:13:04;
Neymar murdis lõpuks Barcelona needuse2;6;08/08/2015;20:13:04;
Odav nafta on viinud langusse Vene rubla ja Norra krooni28;7;08/08/2015;20:13:04;
Toompea rahvas valmistub maratoniks:opositsioon pommitab kooseluseadust sadade muudatustega74;8;08/08/2015;20:13:04;
Üleskutse:otsime Eesti kõige kaunimat jõulukodu!1;9;08/08/2015;20:13:04;
Mida kinkida küpses eas lähedasele, kellel on juba kõik justkui olemas?Sisuturundus;10;08/08/2015;20:13:04;
Ilvese kihlatu Ieva Kupce nimel on kinnisvara nii Lätis kui Gruusias64;11;08/08/2015;20:13:04;
Vaata, kellele hakkab riik maksma kirjanikupalka53;12;08/08/2015;20:13:04;
Prokurör vaidlustas politseiniku õigeksmõistmise Kultuuritolmu asjas10;13;08/08/2015;20:13:04;
Piltuudis:Venemaa kingitus Prantsusmaale10;14;08/08/2015;20:13:04;
EKRE tahab piirilepingute ratifitseerimiseelnõule preambulit16;15;08/08/2015;20:13:04;
Ülekaalulisuse epideemiast päästab geniaalselt lihtne lahendus50;16;08/08/2015;20:13:04;
Maksu- ja tolliamet karmistab võitlust tubakasmugeldajategaSisuturundus;17;08/08/2015;20:13:04;
Müüginipid erilise ja unikaalse kinnisvara müümiseks1Sisuturundus;18;08/08/2015;20:13:04;
Kuidas ergutada juuste kasvu?1Sisuturundus;19;08/08/2015;20:13:04;
Digitark: kas ainult "tippmudel" on hea telefon?12Sisuturundus;20;08/08/2015;20:13:04;
Otseülekanne: Miks turumajandus ei saa reguleerida kunsti ja teadust?Sisuturundus;21;08/08/2015;20:13:04;
Perepühapäev ootab Lennusadamasse Antarktika uurijaidSisuturundus;22;08/08/2015;20:13:04;
Videod: Eesti Telekomi töötajad tutvustavad jõuludeni tehnoloogiaportaalis Digitark nutikaid kingisoovitusiSisuturundus;23;08/08/2015;20:13:04;
Arco Vara kinnisvaranõuanded uueks aastaksSisuturundus;24;08/08/2015;20:13:04;
Kuidas kaitsta silmi kuiva õhu ja külma tuule eest?Sisuturundus;25;08/08/2015;20:13:04;
Riia ärikinnisvara – suure ehitusmahu ootelSisuturundus;26;08/08/2015;20:13:04;
10 uudist, mida võiksid tänasest teada;27;08/08/2015;20:13:04;
Pane tähele:need viis on arvatavasti ka sinu egolõksud3;28;08/08/2015;20:13:04;
Rooba koduklubi jookseb mängijatest tühjaks?;29;08/08/2015;20:13:04;
Tartu plaanib  Koidula ja Jannseni mälestusmärki5;30;08/08/2015;20:13:04;
Andrei Kuzitškini kolumn:millisena ma näen eestlasi?11;31;08/08/2015;20:13:04;
Äsja Poola kodakondsuse saanud superstaari Rio olümpial ei näe2;32;08/08/2015;20:13:04;
Türgi jätab sõdurid Iraaki, kuid neile lisa ei vii7;33;08/08/2015;20:13:04;
Lõbus video:101-aastane naine tunneb lumest siirast rõõmu;34;08/08/2015;20:13:04;
Uganda koondis sattus viis inimelu nõudnud liiklusõnnetusse;35;08/08/2015;20:13:04;
Tormikahjude hüvitussumma küündib hetkel poole miljoni euroni;36;08/08/2015;20:13:04;
Uus aasta toob rongireisijale hinnatõusu, aga see-eest saab rongis kaardiga maksta58;37;08/08/2015;20:13:04;
Tallinna rongireisijatel on põhjust rõõmustada3;38;08/08/2015;20:13:04;
Zahovaiko karjäär jätkub:tahan olla pojale eeskujuks1;39;08/08/2015;20:13:04;
Politsei otsib Valgamaal kadunuks jäänud Heinot;40;08/08/2015;20:13:04;
Suur alkorööv Hiiumaal:pubiomanikku ähvardanud mehed said saagiks 158 euro eest kangemat10;41;08/08/2015;20:13:04;
Iraagi sõdurid hõivasid Islamiriigilt  osa Ramadi linnast4;42;08/08/2015;20:13:04;
Mida teha, kui katus lendab?21;43;08/08/2015;20:13:04;
Kaks päeva polaarkonkursi lõpuni:eestlase vahe rumeenlannaga väheneb30;44;08/08/2015;20:13:04;
Peaminister:Türgi ei luba Venemaal endale midagi dikteerida31;45;08/08/2015;20:13:04;
Venemaa automüük on drastiliselt vähenenud16;46;08/08/2015;20:13:04;
Kreml:Hodorkovskile armu andes ei teadnud Putin uusi andmeid mõrva uurimise kohta77;47;08/08/2015;20:13:04;
Põhiseaduskomisjon:Savisaare ametist kõrvaldamine ei riivanud kohaliku omavalitsuse autonoomiat;48;08/08/2015;20:13:04;
Galerii:noor naine kujundas üürikorterist tõeliselt stiilse elamise6;49;08/08/2015;20:13:04;
Ka sel aastal jõuavad käibesse erikujundusega 2-eurosed mündid2;50;08/08/2015;20:13:04;
Kaks supertoitu, millel on väga kiire mõju8;51;08/08/2015;20:13:04;
Sooman: lisatagatisega laenamine on rahanduslik enesetapp2;52;08/08/2015;20:13:04;
Meistrite liiga päevik:ManU kardab 10 aastat tagasi aset leidnud hävingu kordumist;53;08/08/2015;20:13:04;
Täna:Manchester United võitleb Saksamaal elu ja surma nimel4;54;08/08/2015;20:13:04;
Facebook sulgeb mitmed kahjumlikud rakendused2;55;08/08/2015;20:13:04;
United teeb Neymarist maailma kõige kallima jalgpalluri?16;56;08/08/2015;20:13:04;
Teravilja rekordsaak aitab põllumeestel vormis püsida7;57;08/08/2015;20:13:04;
Leedu president:Venemaa gaasijuhe on Euroopale ohtlik22;58;08/08/2015;20:13:04;
Piltuudis:prantslaste vabameelne tõlgendus riigilipust3;59;08/08/2015;20:13:04;
Kümmel:usun enda kiirusesse ja poolehoidjate toetusesse3;60;08/08/2015;20:13:04;
85,94 km/h ja 16,9 meetrit:torm Helga aitas kaasa uue lohesurfi rekordi sünnile6;61;08/08/2015;20:13:04;
Maksulaekumist kosutasid palgakasv, suitsetajad ja autojuhid17;62;08/08/2015;20:13:04;
Prantsusmaa andis välja juhised terrori korral käitumiseks6;63;08/08/2015;20:13:04;
Väidetav laenusaaja:pole Autorollost kuulnudki28;64;08/08/2015;20:13:04;
Uue lasteraamatu ilmumine tõi kaasa tapmisähvarduse102;65;08/08/2015;20:13:04;
Vaata, millised on eestlaste lemmikkingitused5;66;08/08/2015;20:13:04;
Pereterapeut:lapsi ei tohiks piiluvate päkapikkudega ähvardada11;67;08/08/2015;20:13:04;
President Ilvese kihlatu:kahe lapse ema, kes võitles Bakuus inimõiguste eest183;68;08/08/2015;20:13:04;
Tervishoiutöötajate kutseliit: äärmiselt lühinägelik on koondada töötajaid, kui nõudlus teenuste järele kasvab7;69;08/08/2015;20:13:04;
Hiina rikkaim inimene tahab jalgratturite suurtuurid endale saada4;70;08/08/2015;20:13:04;
Kuus afgaani last uppus teel Türgist Kreekasse20;71;08/08/2015;20:13:04;
Pildid:venelased andsid prantslastele üle Pariisi tragöödia järel kingitud kutsika7;72;08/08/2015;20:13:04;
Video:Jaapani uurimissond Koit jõudis teisel katsel Veenuse orbiidile3;73;08/08/2015;20:13:04;
Teletop:näosaate finaal rokkis tipus4;74;08/08/2015;20:13:04;
Vihmast ja tuulest pole pääsu;75;08/08/2015;20:13:04;
Fotod ja video:päise päeva ajal tänaval noort naist pussitanud mees astus kohtu ette42;76;08/08/2015;20:13:04;
Lastearstid:haigekassa kava seab lapsed ebavõrdsesse olukorda3;77;08/08/2015;20:13:04;
Osa majapidamisi ei saa ka veel täna elektrit tagasi3;78;08/08/2015;20:13:04;
Madal naftahind võib süvendada põgenikekriisi10;79;08/08/2015;20:13:04;
Suri kunagine põllumajandus-minister Ilmar Mändmets;80;08/08/2015;20:13:04;
Bottas tõusis omapärases statistikas parimaks vormel-1 piloodiks4;81;08/08/2015;20:13:04;
Galerii:kauni kodu konkursil osalenud elamine otsib uut omanikku;82;08/08/2015;20:13:04;
LeBron James kindlustas haruldase lepinguga oma tuleviku3;83;08/08/2015;20:13:04;
Värsked andmed:nigela majanduskasvuga Eesti edestab vaid pingerea viimaseid Soomet ja Kreekat90;84;08/08/2015;20:13:04;
Aas:haiglajuhid justkui ei saa aru, kust nende sissetulekud tulevad105;85;08/08/2015;20:13:04;
Eesti loobus finantstehingute maksu kehtestamisest12;86;08/08/2015;20:13:04;
Kulturist Argo Ader võitis kohtus kindlustust, mis nõudis 50 000 euro tagastamist42;87;08/08/2015;20:13:04;
Neli tervislikku toitu, mis aitavad stressiga toime tulla;88;08/08/2015;20:13:04;
USA asepresident Biden:USA ei tunnusta kunagi Krimmi annekteerimist62;89;08/08/2015;20:13:04;
Jõulurahu Tallinnas kuulutab ikkagi välja Edgar Savisaar?64;90;08/08/2015;20:13:04;
Kes peaks Tallinnas jõulurahu välja kuulutama?;91;08/08/2015;20:13:04;
Video:sõudjad päästsid eesli elu;92;08/08/2015;20:13:04;
Nipid, kuidas koerale ravimeid manustada3;93;08/08/2015;20:13:04;
Video:kallakust alla vajunud panda vajas talitajate abi;94;08/08/2015;20:13:04;
Venemaa kuulutas Hodorkovski linnapea mõrva pärast tagaotsitavaks98;95;08/08/2015;20:13:04;
Päästjad aitasid katusele kinni jäänud mehe alla;96;08/08/2015;20:13:04;
Tormituul murdis Keskturu juures korstna pooleks4;97;08/08/2015;20:13:04;
Kohus saatis poisse seksuaalselt ahistanud mehe pikaks ajaks vangi7;98;08/08/2015;20:13:04;
Allikas:Vene allveelaev sisenes Süüria rannikuvetesse Vahemeres13;99;08/08/2015;20:13:04;
Uuring:eestlased kavatsevad jõuludel kulutada 73 protsenti rohkem kui mullu15;100;08/08/2015;20:13:04;
Tanel Padarist sai ettevõtjana gasell8;101;08/08/2015;20:13:04;
Eesti uue lennufirmaga on lennanud 26 000 reisijat8;102;08/08/2015;20:13:04;
Tormituuled ei taha raugeda, nädala lõpus sajab lörtsi;103;08/08/2015;20:13:04;
Postimehe ristsõna:8. detsember 2015;104;08/08/2015;20:13:04;
Eesti inimesedjõuludest ja ootusest;105;08/08/2015;20:13:04;
Anu Saagim arvustab:Stig Rästa – rosinasilmne pätipoiss4;106;08/08/2015;20:13:04;
Kihlunud president plaanib abielluda veel ametiajal261;107;08/08/2015;20:13:04;
Pildid:viimase alastifotodega Playboy kaanestaar on Pamela Anderson;108;08/08/2015;20:13:04;
Video:seksikas päkapikk Miley Cyrus ilusat pühadehitti laulmas3;109;08/08/2015;20:13:04;
Häbened oma keha? Akti joonistamine aitab sellest üle saada2;110;08/08/2015;20:13:04;
Charlie Sheen:minu eks nõudis, et seksiksime kaitse-vahenditeta1;111;08/08/2015;20:13:04;
Spordimaailma kõige ohtlikuma naise vigastused osutusid kardetust tõsisemaks22;112;08/08/2015;20:13:04;
Mobiilse interneti kiirused lähevad vea tõttu uuele mõõtmisele19;113;08/08/2015;20:13:04;
Roolijoodikud lähevad nüüd vangi38;114;08/08/2015;20:13:04;
Evelin Ilves presidendi kihlumisest:mul on hea meel, et see uudis avalikuks tuli137;115;08/08/2015;20:13:04;
Iivi Anna Masso:mind tõsteti jõuga Kadriorust välja66;116;08/08/2015;20:13:04;
Kes on president Ilvese kihlatu Ieva Kupce?120;117;08/08/2015;20:13:04;
Eesti uus esileedi:president Ilves kihlus lätlannast kallimaga230;118;08/08/2015;20:13:04;
Anu Saagim:ma pole õnnelikumat meest näinud kui Toomas Hendrik, kuid Evelinil võib küll valus olla!93;119;08/08/2015;20:13:04;
Marko Mihkelson:kordan, Eestit rünnatakse!14;120;08/08/2015;20:13:04;
Neiu jäi pornograafiast sõltuvusse juba algklassides24;121;08/08/2015;20:13:04;
Kümme asja, mida mehed tahaksid, et naised teaksid8;122;08/08/2015;20:13:04;
Kes on president Ilvese kihlatu Ieva Kupce?120;123;08/08/2015;20:13:04;
Politsei sai oma põikpäisuse tõttu piinliku kohtukaotuse195;124;08/08/2015;20:13:04;
Seekordne tuul jäi Eesti tugevaimale detsembritormile alla137;125;08/08/2015;20:13:04;
Kõige vaiksem ööpäev elus;126;08/08/2015;20:13:04;
Fotod:jõuluhullu naise elutoa lagi on väga omapäraselt kaunistatud1;127;08/08/2015;20:13:04;
Mees, keda peetakse tihti jõuluvanaks, võttiski rolli omaks;128;08/08/2015;20:13:04;
Uus aasta toob rongireisijale piletihinnatõusu ja muutused piletimüügis(58);129;08/08/2015;20:13:04;
Tallinna rongireisijatel on põhjust rõõmustada(3);130;08/08/2015;20:13:04;
Ka sel aastal jõuavad käibesse erikujundusega 2-eurosed mündid(2);131;08/08/2015;20:13:04;
Kas Google surmab Gmaili ja asendab selle Inboxiga? Peaaegu, aga mitte veel lõplikult(11);132;08/08/2015;20:13:04;
Motorsi Proovisõit - BMW X1;133;08/08/2015;20:13:04;
Karbist välja: Microsofti uus Lumia 950 on võimas restart(61);134;08/08/2015;20:13:04;
Odav nafta on viinud langusse Vene rubla ja Norra krooni(28);135;08/08/2015;20:13:04;
EL võib kiibitootjat mitme miljardi euroga trahvida;136;08/08/2015;20:13:04;
Venemaa automüük on drastiliselt vähenenud(16);137;08/08/2015;20:13:04;
Ukraina taastas osaliselt elektritarned Krimmi poolsaarele(1);138;08/08/2015;20:13:04;
Meedia: Türgi saatis riigist välja Vene telekanali meeskonna(4);139;08/08/2015;20:13:04;
Prantsusmaa ja Saksamaa tahavad ELi piiridele kiirsekkumisjõude;140;08/08/2015;20:13:04;
Vaata fotosid! Brasiilia modell täitis karikafinaali järel kuuma lubaduse;141;08/08/2015;20:13:04;
Spordimaailma kõige ohtlikuma naise vigastused osutusid kardetust tõsisemaks(22);142;08/08/2015;20:13:04;
Uganda koondis sattus viis inimelu nõudnud liiklusõnnetusse;143;08/08/2015;20:13:04;
Lõbus video: 101-aastane naine tunneb lumest siirast rõõmu;144;08/08/2015;20:13:04;
Pane tähele: need viis on arvatavasti ka sinu egolõksud(3);145;08/08/2015;20:13:04;
Kaks supertoitu, millel on väga kiire mõju(9);146;08/08/2015;20:13:04;
Kolm inimest on viimasel paaril nädalal haigestunud leetritesse(55);147;08/08/2015;20:13:04;
Kaalulangus sõltub välistemperatuurist(6);148;08/08/2015;20:13:04;
Sotsiaalkomisjon: haiguspäevade hüvitamine tuleb muuta paindlikumaks(1);149;08/08/2015;20:13:04;
;150;08/08/2015;20:13:04;
Kust osta tamme liimpuitu? Kus on parim valik?;151;08/08/2015;20:13:04;
Magamistubade vaibad - millised või kas üldse?;152;08/08/2015;20:13:04;
Lapse isa last ei soovi;153;08/08/2015;20:13:04;
Jõulukinkide arutelu - mida pereliikmetele sel aastal kingite?;154;08/08/2015;20:13:04;
Anu Saagim presidendi kihlumisest:ma pole õnnelikumat meest näinud kui Toomas Hendrik, kuid Evelinil võib küll valus olla!93;155;08/08/2015;20:13:04;
Galerii:Judas Priest rokkismeestel nahktagid seljast1;156;08/08/2015;20:13:04;
Anu Saagim arvustab: Stig Rästa onrosinasilmne pätipoiss6;157;08/08/2015;20:13:04;
Coco Austin võttis rasedusega juurdeulmeliselt vähe1;158;08/08/2015;20:13:04;
Evelin Ilves paotab meile oma uue kodu ust:«Kaunist pühadetormi kôigile ja sooja tuba ka!»;159;08/08/2015;20:13:04;
;160;08/08/2015;20:13:04;
Eesti Laulu reissöör: saalis näeb rohkem kui teleri ees;161;08/08/2015;20:13:04;
Ilusad helid! Laura avaldas tantsulise Eesti Laulu võistlusloo «Supersonic»(29);162;08/08/2015;20:13:04;
Elektrooniline biit: Würffel avaldas Eesti Laulu müstilise ja karge võistlusloo(4);163;08/08/2015;20:13:04;
Fotod ja video: tänaval noort naist pussitanud mees astus kohtu ette(42);164;08/08/2015;20:13:04;
Prokurör vaidlustas politseiniku õigeksmõistmise Kultuuritolmu asjas(10);165;08/08/2015;20:13:04;
Põhiseaduskomisjon: Savisaare ametist kõrvaldamine ei riivanud kohaliku omavalitsuse autonoomiat;166;08/08/2015;20:13:04;
Fotod: alkoholijoobe tunnustega mees põhjustas Tartus liiklusõnnetuse(9);167;08/08/2015;20:13:04;
Lõunakeskus asus hooga laienema(14);168;08/08/2015;20:13:04;
Fotod: Valdur Mikita esitles Tartus oma uut raamatut «Lindvistika ehk metsa see lingvistika»;169;08/08/2015;20:13:04;
Läti peaminister astus restart’i lubades tagasi;170;08/08/2015;20:13:04;
Lätis jätkab senine koalitsioon(1);171;08/08/2015;20:13:04;
Läti valitsusi sel sajandil;172;08/08/2015;20:13:04;
Marko Mihkelson: kordan, Eestit rünnatakse!(14);173;08/08/2015;20:13:04;
Mari Tammar: Savisaar sidus end lahti, mina seon end kokku!(3);174;08/08/2015;20:13:04;
Juhtkiri: kangelased kummikutes;175;08/08/2015;20:13:04;
Uue lasteraamatu ilmumine tõi kaasa tapmisähvarduse(102);176;08/08/2015;20:13:04;
Vaata: veidraim bänd maailmas Winny Puhh avaldas veebis dokumentaalfilmi(2);177;08/08/2015;20:13:04;
Anu Saagim arvustab: Stig Rästa – rosinasilmne pätipoiss(4);178;08/08/2015;20:13:04;
Üleskutse: otsime Eesti kõige kaunimat jõulukodu!(1);179;08/08/2015;20:13:04;
Galerii: noor naine kujundas üürikorterist tõeliselt stiilse elamise(6);180;08/08/2015;20:13:04;
Video: kriimustatud puidu vastu aitab triikraud(1);181;08/08/2015;20:13:04;
Nipid, kuidas koerale ravimeid manustada(3);182;08/08/2015;20:13:04;
Põhjus naeratada: sõudjad päästsid veest eesli;183;08/08/2015;20:13:04;
Nutikas jõulukaunistus: Tee lemmiku käpajäljest jõuluehe;184;08/08/2015;20:13:04;
Petseri seto majas avatakse kirikindanäitus „Siberi lilled“(1);185;08/08/2015;20:13:04;
Taarka Pärimusteatri  sellesuvine uuslavastus „Non-stop SETO“  etendub 11. ja 12. detsembril Tallinnas Kanuti Gildi SAALis!;186;08/08/2015;20:13:04;
Obinitsas toimub jaanuaris foorum „Külad kui soome-ugri rahvaste elujõu läte“;187;08/08/2015;20:13:04;
Kuidas vanad pildid muusikavideosse said;188;08/08/2015;20:13:04;
Hiiumaa haigla saab uuel aastal hädavajaliku verepanga;189;08/08/2015;20:13:04;
Eesti firma soovib muuta teleka eakate suhtlusvahendiks(2);190;08/08/2015;20:13:04;
Päästjad tõid välja mererannas mutta kinni jäänud mehe;191;08/08/2015;20:13:04;
Torm räsis Valgeranna seiklusparki;192;08/08/2015;20:13:04;
Weekend Festival Baltic tuleb taas;193;08/08/2015;20:13:04;
Mis sa sinna arsti juurde lähed, kui kodus kartulit on?(2);194;08/08/2015;20:13:04;
Valitsus surub haldusreformi asjus valdadel sõrmed sahtli vahele;195;08/08/2015;20:13:04;
If Kindlustus sulgeb Viljandi esinduse ja koondab töötajaid ka mujal;196;08/08/2015;20:13:04;
Päästjad aitasid katusele kinni jäänud mehe alla;197;08/08/2015;20:13:04;
Seelikutriibud kõrva ja helkur vööle;198;08/08/2015;20:13:04;
Maarjamaa Hariduskolleegiumi Valgejõe keskus pidas avapidu;199;08/08/2015;20:13:04;
Taas on aeg märgata aktiivsete vabatahtlike kandidaate;200;08/08/2015;20:13:04;
Arstid ootavad mehi kontrolli;201;08/08/2015;20:13:04;
Piltuudis: piparkoogitegu võib alata(1);202;08/08/2015;20:13:04;
Poodlejate hea süda ja aktiivsus väärivad imetlust;203;08/08/2015;20:13:04;
Valga kuulutas välja jõulukaunistuste konkursi;204;08/08/2015;20:13:04;
Valgamaalase joonistusvõistluse võitjad selgunud;205;08/08/2015;20:13:04;
Kokku viis last! Tulevane presidendiproua on hoopis kahe lapse ema(8);206;08/08/2015;20:13:04;
Coco Austin võttis rasedusega juurde ulmeliselt vähe(1);207;08/08/2015;20:13:04;
Kim Kardashian ei tiri poega niipea kaamerate ette;208;08/08/2015;20:13:04;
Anu Saagim arvustab: Stig Rästa on rosinasilmne pätipoiss(6);209;08/08/2015;20:13:04;
Venelased arvavad, et fallose kujuga jõulukuusk toob halba õnne;210;08/08/2015;20:13:04;
Tervitusega tolerastidelt! Vabaduse väljakul said eestlased oma viha välja elada(12);211;08/08/2015;20:13:04;
Suured ja väiksemad meistrid(3);212;08/08/2015;20:13:04;
Vaata fotosid! Brasiilia modell täitis karikafinaali järel kuuma lubaduse;213;08/08/2015;20:13:04;
Spordimaailma kõige ohtlikuma naise vigastused osutusid kardetust tõsisemaks(22);214;08/08/2015;20:13:04;
Uganda koondis sattus viis inimelu nõudnud liiklusõnnetusse;215;08/08/2015;20:13:04;
Täna: Manchester United võitleb Saksamaal elu ja surma nimel(4);216;08/08/2015;20:13:04;
Olümpiavõitja Mait Riisman esitles autobiograafilist romaani(2);217;08/08/2015;20:13:04;
Kümme asja, mida mehed tahaksid, et naised teaksid(9);218;08/08/2015;20:13:04;
Lõbus video: 101-aastane naine tunneb lumest siirast rõõmu;219;08/08/2015;20:13:04;
Pane tähele: need viis on arvatavasti ka sinu egolõksud(3);220;08/08/2015;20:13:04;
Kaks supertoitu, millel on väga kiire mõju(9);221;08/08/2015;20:13:04;
Moetrendid, mis meid järgmisel aastal ees ootavad(2);222;08/08/2015;20:13:04;
Kirjuta tervisest ja võida Erik Orgu raamat «Garanteeritud kaalulangus»!;223;08/08/2015;20:13:04;
